4528632924306719516|https://www.youtube.com/watch?v=C_Zj30v_gkU|
4508668426443721530|https://www.youtube.com/watch?v=2zuPMgqRlS0|
4528632705432337577|https://www.youtube.com/watch?v=7Uog8EvEXJ8|
4528635633404292146|https://www.youtube.com/watch?v=Rlxh-d1ZsSo|
4503625327004709203|https://www.youtube.com/watch?v=1v7aYhMIR_g|
4519874291506222306|https://www.youtube.com/watch?v=gMIwU25Tjig|
4529356630725470657|https://www.youtube.com/watch?v=G0Vykled6JE|
4521466187867171986|https://www.youtube.com/watch?v=FYNh4h7k2l8|
4521996908582063216|https://www.youtube.com/watch?v=RIF-To6VY-0|
4528634368382575621|https://www.youtube.com/watch?v=VqE2jZYbAyM|
4506899047869895000|https://www.youtube.com/watch?v=WGfiqLCVeLI|
4522528470108366957|https://www.youtube.com/watch?v=ohaO-YYUmEw|
4522617456471196111|https://www.youtube.com/watch?v=cdTsvlS8rv8|
4522528875233511820|https://www.youtube.com/watch?v=_z_o9VY6zG4|
4528101422970876479|https://www.youtube.com/watch?v=sdbO5uWKHCc|
4528367212816485662|https://www.youtube.com/watch?v=OV5O0ctlxDI|
4528189895131621425|https://www.youtube.com/watch?v=b6fHWSCBfRc|
4528632450643584327|https://www.youtube.com/watch?v=-8ECMVwtcVo|
4504775611309201455|https://www.youtube.com/watch?v=44JbFfu3_eQ|
4528280280616908699|https://www.youtube.com/watch?v=jMuwSTm8cVo|
4522616144596413070|https://www.youtube.com/watch?v=nCbf912MbKc|
4504775655764537143|https://www.youtube.com/watch?v=IUPKBIdNOFQ|
4529359630082116982|https://www.youtube.com/watch?v=A8dhTfL7mXk|
4528280744308944662|https://www.youtube.com/watch?v=K1TPNMs5Q5E|
4528367123534427914|https://www.youtube.com/watch?v=1EOyVbc3REc|
4528634521017000580|https://www.youtube.com/watch?v=9fDCUlTqnSA|
4521643079647460460|https://www.youtube.com/watch?v=fJGbgXBJdG4|
4522970178841133328|https://www.youtube.com/watch?v=IhbJ_G57Ot0|
4528368545349089451|https://www.youtube.com/watch?v=MOAUUTLyM8o|
4529359142336211794|https://www.youtube.com/watch?v=QFFrRt1--oA|
4522085357378460885|https://www.youtube.com/watch?v=uLjZThL0B-Q|
4528369902813670261|https://www.youtube.com/watch?v=A3e93ugmATQ|
4504775725639252553|https://www.youtube.com/watch?v=OGMwxWPy3xE|
4529255055947824940|https://www.youtube.com/watch?v=bU-c3bI12IY|
4528366985079280033|https://www.youtube.com/watch?v=Tk2am2duVjM|
4528901347226263575|https://www.youtube.com/watch?v=6G7tF7oDcQI|
4528278506765194883|https://www.youtube.com/watch?v=Adnq3Zno5vw|
4503271864172971209|https://www.youtube.com/watch?v=SuT1B_FZZ4w|
4521466749721590378|https://www.youtube.com/watch?v=PpEAwayQ-DU|
4522971516954694161|https://www.youtube.com/watch?v=OLDhwdHJMcE|
4528455550592784737|https://www.youtube.com/watch?v=0rEHCGe_EZQ|
4522173842708351009|https://www.youtube.com/watch?v=-A7q6tHQGDk|
4508756658504657771|https://www.youtube.com/watch?v=WJ8kfa3I3Tg|
4503979586272806745|https://www.youtube.com/watch?v=4c8OoGHWVJI|
4528369623365068530|https://www.youtube.com/watch?v=ktLOLc75UtI|
4528457517790110742|https://www.youtube.com/watch?v=Tp7jDe4ctMU|
4529357100531591792|https://www.youtube.com/watch?v=5IKo8hzkfg8|
4529357909864098397|https://www.youtube.com/watch?v=Wbdz3P4UQDA|
4528635087695247172|https://www.youtube.com/watch?v=5wzfuxhGy2I|
4528632274357152481|https://www.youtube.com/watch?v=ROIpOFSAWr8|
4528632611535791203|https://www.youtube.com/watch?v=VtML2cKWRNk|
4521643755941501651|https://www.youtube.com/watch?v=ZQfin-eUhNU|
4522793195367759738|https://www.youtube.com/watch?v=ImOwb8zaPMg|
4506899239438065025|https://www.youtube.com/watch?v=W3vYrDrkhjM|
4522528926926506675|https://www.youtube.com/watch?v=Yf1lf0gUOdA|
4506899026227393251|https://www.youtube.com/watch?v=XUG13wv71Xg|
4528721663488123694|https://www.youtube.com/watch?v=RT6vWEpjTa4|
4522263299009162204|https://www.youtube.com/watch?v=E5j_Y3mTRLk|
4503979580279798931|https://www.youtube.com/watch?v=VjFshLk1rCM|
4505306408158396126|https://www.youtube.com/watch?v=k_4Pfsy7B7E|
4504775557595450096|https://www.youtube.com/watch?v=l6pIMCQvwtA|
4528720980406241994|https://www.youtube.com/watch?v=aLr4iAQh1CI|
4503979281349866484|https://www.youtube.com/watch?v=Nb1U5xZOLw8|
4528369299756950215|https://www.youtube.com/watch?v=q157ohzUMOo|
4528368985733207921|https://www.youtube.com/watch?v=KN7SJAJV_2A|
4509111475175323636|https://www.youtube.com/watch?v=hkJPVZ60Ips|
4528280570990151233|https://www.youtube.com/watch?v=R868VWBHxG8|
4528723167134672149|https://www.youtube.com/watch?v=yBHG6ifUVSY|
4521643094597877580|https://www.youtube.com/watch?v=17FOPJd0VtM|
4529253203879165905|https://www.youtube.com/watch?v=_vajILsMMig|
4528722448221008772|https://www.youtube.com/watch?v=FoZsotzCDMY|
4528900288576823617|https://www.youtube.com/watch?v=VuZp9EUCQms|
4521643123085836134|https://www.youtube.com/watch?v=hGcalWdchBo|
4522262596990156228|https://www.youtube.com/watch?v=rMByjpLaEOQ|
4521554584913778956|https://www.youtube.com/watch?v=Ixydla2WAMk|
4529166622095200341|https://www.youtube.com/watch?v=oZSgCW5_FkQ|
4504156885828407143|https://www.youtube.com/watch?v=5ZkZGAmkJ04|
4528632447806990425|https://www.youtube.com/watch?v=EKc32-5CI1Q|
4521819976368642193|https://www.youtube.com/watch?v=SLvyf-RWlQM|
4528368686474603173|https://www.youtube.com/watch?v=OyS-dOqVgYk|
4528280742272346990|https://www.youtube.com/watch?v=Je6tgV3M53Q|
4528634727723912160|https://www.youtube.com/watch?v=a8VoxxmWRro|
4528724859016340157|https://www.youtube.com/watch?v=PKxs13I6v_s|
4504598711763779761|https://www.youtube.com/watch?v=uM_aiWIyq2U|
4528723282741635251|https://www.youtube.com/watch?v=nYx5_7BbH84|
4528899102948098183|https://www.youtube.com/watch?v=Q0r51TfSYwE|
4528636524634757114|https://www.youtube.com/watch?v=5sxkjJctUrc|
4506899424356344398|https://www.youtube.com/watch?v=oYfMrAMwaz0|
4528189897653761576|https://www.youtube.com/watch?v=WID699IGGmo|
4529253119130971439|https://www.youtube.com/watch?v=1vC39n9CP-c|
4522704708527965967|https://www.youtube.com/watch?v=gyJDHzBIA8U|
4528279145756641815|https://www.youtube.com/watch?v=x4IqCzkFaGc|
4522528819187198753|https://www.youtube.com/watch?v=Hq2iw-6ZDe0|
4529164007625973787|https://www.youtube.com/watch?v=ar00CGhPcLY|
4528101492743744581|https://www.youtube.com/watch?v=KF-vnEgscQw|
4528637109823609119|https://www.youtube.com/watch?v=HYV8K0rt5lY|
4528720949528225745|https://www.youtube.com/watch?v=oAilPS-SpBY|
4507253648235618843|https://www.youtube.com/watch?v=7d2ADySnLNQ|
4528633303668681397|https://www.youtube.com/watch?v=GVhRcriVXZ0|
4528278562354700096|https://www.youtube.com/watch?v=iTMjYi0ZVuY|
4528637235019197649|https://www.youtube.com/watch?v=EMhnLjiYLQU|
4526687883091145495|https://www.youtube.com/watch?v=GwaR1TMTRko|
4504598541682110914|https://www.youtube.com/watch?v=MNyjgqgU4n0|
4528368706484721476|https://www.youtube.com/watch?v=Ea5KC8IWWUM|
4528632878353203229|https://www.youtube.com/watch?v=yL1dv59Hypk|
